{
  "type": "object",
  "required": [
    "type",
    "geometry",
    "properties"
  ],
  "properties": {
    "type": {
      "type": "string",
      "enum": [
        "Feature"
      ]
    },
    "geometry": {
      "oneOf": [
        {
          "$ref": "pointGeoJSON.json"
        },
        {
          "$ref": "multipointGeoJSON.json"
        },
        {
          "$ref": "linestringGeoJSON.json"
        },
        {
          "$ref": "multilinestringGeoJSON.json"
        },
        {
          "$ref": "polygonGeoJSON.json"
        },
        {
          "$ref": "multipolygonGeoJSON.json"
        },
        {
          "$ref": "geometrycollectionGeoJSON.json"
        }
      ]
    },
    "properties": {
      "$ref": "edrProperties.json"
    },
    "id": {
      "oneOf": [
        {
          "type": "string"
        },
        {
          "type": "integer"
        }
      ]
    },
    "links": {
      "type": "array",
      "items": {
        "$ref": "link.json"
      }
    }
  }
}