{
    "type": "object",
    "title": "unit name",
    "description": "definition of data units",
    "anyOf": [
      {
        "required": [
          "label"
        ]
      },
      {
        "required": [
          "symbol"
        ]
      }
    ],
    "properties": {
      "label": {
        "type": "object",
        "properties": {
          "en": {
            "type": "string"
          }
        }
      },
      "symbol": {
        "title": "Decribe unit symbol",
        "anyOf": [
          {
            "type": "object",
            "description": "Information about the symbol used to describe the units",
            "required": [
              "value",
              "type"
            ],
            "properties": {
              "value": {
                "description": "representation of the units symbol",
                "type": "string"
              },
              "type": {
                "description": "uri to detailed desxcription of the units",
                "type": "string"
              }
            }
          },
          {
            "type": "string"
          }
        ],
        "example": {
          "value": "hPa",
          "type": "http://www.opengis.net/def/uom/UCUM/"
        }
      },
      "id": {
        "type": "string"
      }
    },
    "example": {
      "label": {
        "en": "Kelvin"
      },
      "symbol": {
        "value": "K",
        "type": "http://www.opengis.net/def/uom/UCUM/"
      }
    }
  }