{
  "name": "coords",
  "in": "query",
  "description": "location(s) to return data for, the coordinates are defined by a Well Known Text\n(wkt) string. to retrieve a single location :\n\nPOINT(x y) i.e. POINT(0 51.48) for Greenwich, London\n\nAnd for a list of locations\n\nMULTIPOINT((x y),(x1 y1),(x2 y2),(x3 y3))\n\ni.e.\nMULTIPOINT((38.9 -77),(48.85 2.35),(39.92 116.38),(-35.29 149.1),(51.5 -0.1))\n\nsee http://portal.opengeospatial.org/files/?artifact_id=25355 and \nhttps://en.wikipedia.org/wiki/Well-known_text_representation_of_geometry\n\nthe coordinate values will depend on the CRS parameter, if this is not defined\nthe values will be assumed to WGS84 values (i.e x=longitude and y=latitude)\n",
  "required": true,
  "schema": {
    "type": "string"
  }
}