<?xml version="1.0" encoding="UTF-8"?>
<gml:FeatureCollection xmlns:gsr="http://www.isotc211.org/2005/gsr" xmlns:gss="http://www.isotc211.org/2005/gss" xmlns:xsi="http://www.w3.org/2001/XMLSchema-instance" xmlns:abc="http://SomeNameSpace.com" xmlns:gco="http://www.isotc211.org/2005/gco" xmlns:gml="http://www.opengis.net/gml/3.2" xmlns:gmd="http://www.isotc211.org/2005/gmd" xmlns:xlink="http://www.w3.org/1999/xlink" xmlns:gts="http://www.isotc211.org/2005/gts" gml:id="idce945fd0-171f-4566-806e-aadd791f0edd">
	<gml:boundedBy>
		<gml:Envelope srsName="EPSG:4326" srsDimension="2">
			<gml:lowerCorner>50 -99</gml:lowerCorner>
			<gml:upperCorner>51.5 -97</gml:upperCorner>
		</gml:Envelope>
	</gml:boundedBy>
	<gml:featureMember>
		<abc:Access gml:id="id52d5735b-a1e2-4c2b-a1d0-59e715fb99ec">
			<abc:businessContact>businessContact</abc:businessContact>
			<abc:certification>certification</abc:certification>
			<abc:dataOwner>dataOwner</abc:dataOwner>
			<abc:dataOwnerUniqueID>dataOwnerUniqueID</abc:dataOwnerUniqueID>
			<abc:dataProviderUniqueID>dataProviderUniqueID</abc:dataProviderUniqueID>
			<abc:dataProvider>dataProvider</abc:dataProvider>
			<abc:dataSensitivityLevel>dataSensitivityLevel</abc:dataSensitivityLevel>
			<abc:dateDataCollected>2023-10-30T14:41:00-05:00</abc:dateDataCollected>
			<abc:dateOfLastStatusChange>2023-10-30T14:41:00-05:00</abc:dateOfLastStatusChange>
			<abc:description>description</abc:description>
			<abc:featureType>featureType</abc:featureType>
			<abc:horizontalCRS>horizontalCRS</abc:horizontalCRS>
			<abc:measurementUnits>measurementUnits</abc:measurementUnits>
			<abc:operationalStatus>operationalStatus</abc:operationalStatus>
			<abc:originalDateDataCollected>originalDateDataCollected</abc:originalDateDataCollected>
			<abc:systemID>systemID</abc:systemID>
			<abc:systemLoadDate>2023-10-30T14:41:00-05:00</abc:systemLoadDate>
			<abc:version>version</abc:version>
			<abc:objectID>objectID</abc:objectID>
			<abc:verticalCRS>verticalCRS</abc:verticalCRS>
			<abc:recordID>recordID</abc:recordID>
			<abc:encloses nilReason="encloses.nilReason" gml:remoteSchema="encloses.gml_remoteSchema" xlink:href="encloses.xlink_href" xlink:role="encloses.xlink_role" xlink:title="encloses.xlink_title"/>
			<abc:centroidXYZ>centroidXYZ</abc:centroidXYZ>
			<abc:depth>depth</abc:depth>
			<abc:depthMethod>depthMethod</abc:depthMethod>
			<abc:enhancedMeasures>enhancedMeasures</abc:enhancedMeasures>
			<abc:enhancedMeasuresProximity>enhancedMeasuresProximity</abc:enhancedMeasuresProximity>
			<abc:horizontalAccuracy>horizontalAccuracy</abc:horizontalAccuracy>
			<abc:horizontalMeasurementMethod>horizontalMeasurementMethod</abc:horizontalMeasurementMethod>
			<abc:intendedPermanence>intendedPermanence</abc:intendedPermanence>
			<abc:emergencyContact>emergencyContact</abc:emergencyContact>
			<abc:locationType>locationType</abc:locationType>
			<abc:assetName>assetName</abc:assetName>
			<abc:assetOwner>assetOwner</abc:assetOwner>
			<abc:assetOwnerID>assetOwnerID</abc:assetOwnerID>
			<abc:operator>operator</abc:operator>
			<abc:qualityLevel>qualityLevel</abc:qualityLevel>
			<abc:undergroundStatus>undergroundStatus</abc:undergroundStatus>
			<abc:material>material</abc:material>
			<abc:verticalAccuracy>verticalAccuracy</abc:verticalAccuracy>
			<abc:colour>colour</abc:colour>
			<abc:azimuth>azimuth</abc:azimuth>
			<abc:container>container</abc:container>
			<abc:dateOfInstallation>2023-10-30T14:41:00-05:00</abc:dateOfInstallation>
			<abc:isAuxiliary>false</abc:isAuxiliary>
			<abc:isCathodicProtected>false</abc:isCathodicProtected>
			<abc:isEncased>false</abc:isEncased>
			<abc:isNPS>false</abc:isNPS>
			<abc:utilitySubType>utilitySubType</abc:utilitySubType>
			<abc:utilityType>utilityType</abc:utilityType>
			<abc:wallThickness>wallThickness</abc:wallThickness>
			<abc:siteOf nilReason="siteOf.nilReason" gml:remoteSchema="siteOf.gml_remoteSchema" xlink:href="siteOf.xlink_href" xlink:role="siteOf.xlink_role" xlink:title="siteOf.xlink_title" owns="siteOf.owns"/>
			<abc:accessoryType>accessoryType</abc:accessoryType>
			<abc:hasAccessory nilReason="hasAccessory.nilReason" gml:remoteSchema="hasAccessory.gml_remoteSchema" xlink:href="hasAccessory.xlink_href" xlink:role="hasAccessory.xlink_role" xlink:title="hasAccessory.xlink_title" owns="hasAccessory.owns"/>
			<abc:accessType>accessType</abc:accessType>
			<abc:numberOfCovers>numberOfCovers</abc:numberOfCovers>
			<abc:geometry>
				<gml:Point gml:id="id52d5735b-a1e2-4c2b-a1d0-59e715fb99ec-0" srsName="EPSG:4326" srsDimension="2">
					<gml:pos>51 -98</gml:pos>
				</gml:Point>
			</abc:geometry>
		</abc:Access>
	</gml:featureMember>
	<gml:featureMember>
		<abc:Container gml:id="idcce56bb3-00e0-45b4-b019-23dd6b971df5">
			<abc:businessContact>businessContact</abc:businessContact>
			<abc:certification>certification</abc:certification>
			<abc:dataOwner>dataOwner</abc:dataOwner>
			<abc:dataOwnerUniqueID>dataOwnerUniqueID</abc:dataOwnerUniqueID>
			<abc:dataProviderUniqueID>dataProviderUniqueID</abc:dataProviderUniqueID>
			<abc:dataProvider>dataProvider</abc:dataProvider>
			<abc:dataSensitivityLevel>dataSensitivityLevel</abc:dataSensitivityLevel>
			<abc:dateDataCollected>2023-10-30T14:41:00-05:00</abc:dateDataCollected>
			<abc:dateOfLastStatusChange>2023-10-30T14:41:00-05:00</abc:dateOfLastStatusChange>
			<abc:description>description</abc:description>
			<abc:featureType>featureType</abc:featureType>
			<abc:horizontalCRS>horizontalCRS</abc:horizontalCRS>
			<abc:measurementUnits>measurementUnits</abc:measurementUnits>
			<abc:operationalStatus>operationalStatus</abc:operationalStatus>
			<abc:originalDateDataCollected>originalDateDataCollected</abc:originalDateDataCollected>
			<abc:systemID>systemID</abc:systemID>
			<abc:systemLoadDate>2023-10-30T14:41:00-05:00</abc:systemLoadDate>
			<abc:version>version</abc:version>
			<abc:objectID>objectID</abc:objectID>
			<abc:verticalCRS>verticalCRS</abc:verticalCRS>
			<abc:recordID>recordID</abc:recordID>
			<abc:encloses nilReason="encloses.nilReason" gml:remoteSchema="encloses.gml_remoteSchema" xlink:href="encloses.xlink_href" xlink:role="encloses.xlink_role" xlink:title="encloses.xlink_title"/>
			<abc:centroidXYZ>centroidXYZ</abc:centroidXYZ>
			<abc:depth>depth</abc:depth>
			<abc:depthMethod>depthMethod</abc:depthMethod>
			<abc:enhancedMeasures>enhancedMeasures</abc:enhancedMeasures>
			<abc:enhancedMeasuresProximity>enhancedMeasuresProximity</abc:enhancedMeasuresProximity>
			<abc:horizontalAccuracy>horizontalAccuracy</abc:horizontalAccuracy>
			<abc:horizontalMeasurementMethod>horizontalMeasurementMethod</abc:horizontalMeasurementMethod>
			<abc:intendedPermanence>intendedPermanence</abc:intendedPermanence>
			<abc:emergencyContact>emergencyContact</abc:emergencyContact>
			<abc:locationType>locationType</abc:locationType>
			<abc:assetName>assetName</abc:assetName>
			<abc:assetOwner>assetOwner</abc:assetOwner>
			<abc:assetOwnerID>assetOwnerID</abc:assetOwnerID>
			<abc:operator>operator</abc:operator>
			<abc:qualityLevel>qualityLevel</abc:qualityLevel>
			<abc:undergroundStatus>undergroundStatus</abc:undergroundStatus>
			<abc:material>material</abc:material>
			<abc:verticalAccuracy>verticalAccuracy</abc:verticalAccuracy>
			<abc:colour>colour</abc:colour>
			<abc:azimuth>azimuth</abc:azimuth>
			<abc:container>container</abc:container>
			<abc:dateOfInstallation>2023-10-30T14:41:00-05:00</abc:dateOfInstallation>
			<abc:isAuxiliary>false</abc:isAuxiliary>
			<abc:isCathodicProtected>false</abc:isCathodicProtected>
			<abc:isEncased>false</abc:isEncased>
			<abc:isNPS>false</abc:isNPS>
			<abc:utilitySubType>utilitySubType</abc:utilitySubType>
			<abc:utilityType>utilityType</abc:utilityType>
			<abc:wallThickness>wallThickness</abc:wallThickness>
			<abc:siteOf nilReason="siteOf.nilReason" gml:remoteSchema="siteOf.gml_remoteSchema" xlink:href="siteOf.xlink_href" xlink:role="siteOf.xlink_role" xlink:title="siteOf.xlink_title" owns="siteOf.owns"/>
			<abc:accessoryType>accessoryType</abc:accessoryType>
			<abc:hasAccessory nilReason="hasAccessory.nilReason" gml:remoteSchema="hasAccessory.gml_remoteSchema" xlink:href="hasAccessory.xlink_href" xlink:role="hasAccessory.xlink_role" xlink:title="hasAccessory.xlink_title" owns="hasAccessory.owns"/>
			<abc:containerType>containerType</abc:containerType>
			<abc:geometry/>
		</abc:Container>
	</gml:featureMember>
	<gml:featureMember>
		<abc:MUDDIAsset gml:id="iddc1db331-9f43-4f85-b808-6d9c9ea703d8">
			<abc:businessContact>businessContact</abc:businessContact>
			<abc:certification>certification</abc:certification>
			<abc:dataOwner>dataOwner</abc:dataOwner>
			<abc:dataOwnerUniqueID>dataOwnerUniqueID</abc:dataOwnerUniqueID>
			<abc:dataProviderUniqueID>dataProviderUniqueID</abc:dataProviderUniqueID>
			<abc:dataProvider>dataProvider</abc:dataProvider>
			<abc:dataSensitivityLevel>dataSensitivityLevel</abc:dataSensitivityLevel>
			<abc:dateDataCollected>2023-10-30T14:41:00-05:00</abc:dateDataCollected>
			<abc:dateOfLastStatusChange>2023-10-30T14:41:00-05:00</abc:dateOfLastStatusChange>
			<abc:description>description</abc:description>
			<abc:featureType>featureType</abc:featureType>
			<abc:horizontalCRS>horizontalCRS</abc:horizontalCRS>
			<abc:measurementUnits>measurementUnits</abc:measurementUnits>
			<abc:operationalStatus>operationalStatus</abc:operationalStatus>
			<abc:originalDateDataCollected>originalDateDataCollected</abc:originalDateDataCollected>
			<abc:systemID>systemID</abc:systemID>
			<abc:systemLoadDate>2023-10-30T14:41:00-05:00</abc:systemLoadDate>
			<abc:version>version</abc:version>
			<abc:objectID>objectID</abc:objectID>
			<abc:verticalCRS>verticalCRS</abc:verticalCRS>
			<abc:recordID>recordID</abc:recordID>
			<abc:encloses nilReason="encloses.nilReason" gml:remoteSchema="encloses.gml_remoteSchema" xlink:href="encloses.xlink_href" xlink:role="encloses.xlink_role" xlink:title="encloses.xlink_title"/>
			<abc:centroidXYZ>centroidXYZ</abc:centroidXYZ>
			<abc:depth>depth</abc:depth>
			<abc:depthMethod>depthMethod</abc:depthMethod>
			<abc:enhancedMeasures>enhancedMeasures</abc:enhancedMeasures>
			<abc:enhancedMeasuresProximity>enhancedMeasuresProximity</abc:enhancedMeasuresProximity>
			<abc:horizontalAccuracy>horizontalAccuracy</abc:horizontalAccuracy>
			<abc:horizontalMeasurementMethod>horizontalMeasurementMethod</abc:horizontalMeasurementMethod>
			<abc:intendedPermanence>intendedPermanence</abc:intendedPermanence>
			<abc:emergencyContact>emergencyContact</abc:emergencyContact>
			<abc:locationType>locationType</abc:locationType>
			<abc:assetName>assetName</abc:assetName>
			<abc:assetOwner>assetOwner</abc:assetOwner>
			<abc:assetOwnerID>assetOwnerID</abc:assetOwnerID>
			<abc:operator>operator</abc:operator>
			<abc:qualityLevel>qualityLevel</abc:qualityLevel>
			<abc:undergroundStatus>undergroundStatus</abc:undergroundStatus>
			<abc:material>material</abc:material>
			<abc:verticalAccuracy>verticalAccuracy</abc:verticalAccuracy>
			<abc:colour>colour</abc:colour>
			<abc:azimuth>azimuth</abc:azimuth>
		</abc:MUDDIAsset>
	</gml:featureMember>
	<gml:featureMember>
		<abc:MUDDIEvent gml:id="id4d17ba01-f165-4547-a61f-b103d9efb581">
			<abc:businessContact>businessContact</abc:businessContact>
			<abc:certification>certification</abc:certification>
			<abc:dataOwner>dataOwner</abc:dataOwner>
			<abc:dataOwnerUniqueID>dataOwnerUniqueID</abc:dataOwnerUniqueID>
			<abc:dataProviderUniqueID>dataProviderUniqueID</abc:dataProviderUniqueID>
			<abc:dataProvider>dataProvider</abc:dataProvider>
			<abc:dataSensitivityLevel>dataSensitivityLevel</abc:dataSensitivityLevel>
			<abc:dateDataCollected>2023-10-30T14:41:00-05:00</abc:dateDataCollected>
			<abc:dateOfLastStatusChange>2023-10-30T14:41:00-05:00</abc:dateOfLastStatusChange>
			<abc:description>description</abc:description>
			<abc:featureType>featureType</abc:featureType>
			<abc:horizontalCRS>horizontalCRS</abc:horizontalCRS>
			<abc:measurementUnits>measurementUnits</abc:measurementUnits>
			<abc:operationalStatus>operationalStatus</abc:operationalStatus>
			<abc:originalDateDataCollected>originalDateDataCollected</abc:originalDateDataCollected>
			<abc:systemID>systemID</abc:systemID>
			<abc:systemLoadDate>2023-10-30T14:41:00-05:00</abc:systemLoadDate>
			<abc:version>version</abc:version>
			<abc:objectID>objectID</abc:objectID>
			<abc:verticalCRS>verticalCRS</abc:verticalCRS>
			<abc:recordID>recordID</abc:recordID>
			<abc:encloses nilReason="encloses.nilReason" gml:remoteSchema="encloses.gml_remoteSchema" xlink:href="encloses.xlink_href" xlink:role="encloses.xlink_role" xlink:title="encloses.xlink_title"/>
		</abc:MUDDIEvent>
	</gml:featureMember>
	<gml:featureMember>
		<abc:MUDDIObject gml:id="idff14b52f-d020-4c4a-bafc-29c5b89fb35a">
			<abc:businessContact>businessContact</abc:businessContact>
			<abc:certification>certification</abc:certification>
			<abc:dataOwner>dataOwner</abc:dataOwner>
			<abc:dataOwnerUniqueID>dataOwnerUniqueID</abc:dataOwnerUniqueID>
			<abc:dataProviderUniqueID>dataProviderUniqueID</abc:dataProviderUniqueID>
			<abc:dataProvider>dataProvider</abc:dataProvider>
			<abc:dataSensitivityLevel>dataSensitivityLevel</abc:dataSensitivityLevel>
			<abc:dateDataCollected>2023-10-30T14:41:00-05:00</abc:dateDataCollected>
			<abc:dateOfLastStatusChange>2023-10-30T14:41:00-05:00</abc:dateOfLastStatusChange>
			<abc:description>description</abc:description>
			<abc:featureType>featureType</abc:featureType>
			<abc:horizontalCRS>horizontalCRS</abc:horizontalCRS>
			<abc:measurementUnits>measurementUnits</abc:measurementUnits>
			<abc:operationalStatus>operationalStatus</abc:operationalStatus>
			<abc:originalDateDataCollected>originalDateDataCollected</abc:originalDateDataCollected>
			<abc:systemID>systemID</abc:systemID>
			<abc:systemLoadDate>2023-10-30T14:41:00-05:00</abc:systemLoadDate>
			<abc:version>version</abc:version>
			<abc:objectID>objectID</abc:objectID>
			<abc:verticalCRS>verticalCRS</abc:verticalCRS>
			<abc:recordID>recordID</abc:recordID>
			<abc:encloses nilReason="encloses.nilReason" gml:remoteSchema="encloses.gml_remoteSchema" xlink:href="encloses.xlink_href" xlink:role="encloses.xlink_role" xlink:title="encloses.xlink_title"/>
		</abc:MUDDIObject>
	</gml:featureMember>
	<gml:featureMember>
		<abc:Network gml:id="id6ae75fa4-2822-40a2-9ee8-103ba22f1986">
			<abc:businessContact>businessContact</abc:businessContact>
			<abc:certification>certification</abc:certification>
			<abc:dataOwner>dataOwner</abc:dataOwner>
			<abc:dataOwnerUniqueID>dataOwnerUniqueID</abc:dataOwnerUniqueID>
			<abc:dataProviderUniqueID>dataProviderUniqueID</abc:dataProviderUniqueID>
			<abc:dataProvider>dataProvider</abc:dataProvider>
			<abc:dataSensitivityLevel>dataSensitivityLevel</abc:dataSensitivityLevel>
			<abc:dateDataCollected>2023-10-30T14:41:00-05:00</abc:dateDataCollected>
			<abc:dateOfLastStatusChange>2023-10-30T14:41:00-05:00</abc:dateOfLastStatusChange>
			<abc:description>description</abc:description>
			<abc:featureType>featureType</abc:featureType>
			<abc:horizontalCRS>horizontalCRS</abc:horizontalCRS>
			<abc:measurementUnits>measurementUnits</abc:measurementUnits>
			<abc:operationalStatus>operationalStatus</abc:operationalStatus>
			<abc:originalDateDataCollected>originalDateDataCollected</abc:originalDateDataCollected>
			<abc:systemID>systemID</abc:systemID>
			<abc:systemLoadDate>2023-10-30T14:41:00-05:00</abc:systemLoadDate>
			<abc:version>version</abc:version>
			<abc:objectID>objectID</abc:objectID>
			<abc:verticalCRS>verticalCRS</abc:verticalCRS>
			<abc:recordID>recordID</abc:recordID>
			<abc:encloses nilReason="encloses.nilReason" gml:remoteSchema="encloses.gml_remoteSchema" xlink:href="encloses.xlink_href" xlink:role="encloses.xlink_role" xlink:title="encloses.xlink_title"/>
			<abc:centroidXYZ>centroidXYZ</abc:centroidXYZ>
			<abc:depth>depth</abc:depth>
			<abc:depthMethod>depthMethod</abc:depthMethod>
			<abc:enhancedMeasures>enhancedMeasures</abc:enhancedMeasures>
			<abc:enhancedMeasuresProximity>enhancedMeasuresProximity</abc:enhancedMeasuresProximity>
			<abc:horizontalAccuracy>horizontalAccuracy</abc:horizontalAccuracy>
			<abc:horizontalMeasurementMethod>horizontalMeasurementMethod</abc:horizontalMeasurementMethod>
			<abc:intendedPermanence>intendedPermanence</abc:intendedPermanence>
			<abc:emergencyContact>emergencyContact</abc:emergencyContact>
			<abc:locationType>locationType</abc:locationType>
			<abc:assetName>assetName</abc:assetName>
			<abc:assetOwner>assetOwner</abc:assetOwner>
			<abc:assetOwnerID>assetOwnerID</abc:assetOwnerID>
			<abc:operator>operator</abc:operator>
			<abc:qualityLevel>qualityLevel</abc:qualityLevel>
			<abc:undergroundStatus>undergroundStatus</abc:undergroundStatus>
			<abc:material>material</abc:material>
			<abc:verticalAccuracy>verticalAccuracy</abc:verticalAccuracy>
			<abc:colour>colour</abc:colour>
			<abc:azimuth>azimuth</abc:azimuth>
			<abc:networkType>networkType</abc:networkType>
			<abc:utilityType>utilityType</abc:utilityType>
			<abc:utilitySubType>utilitySubType</abc:utilitySubType>
		</abc:Network>
	</gml:featureMember>
	<gml:featureMember>
		<abc:NetworkAsset gml:id="id84acaa7b-b7dc-45d6-94d7-79b6d0539ea6">
			<abc:businessContact>businessContact</abc:businessContact>
			<abc:certification>certification</abc:certification>
			<abc:dataOwner>dataOwner</abc:dataOwner>
			<abc:dataOwnerUniqueID>dataOwnerUniqueID</abc:dataOwnerUniqueID>
			<abc:dataProviderUniqueID>dataProviderUniqueID</abc:dataProviderUniqueID>
			<abc:dataProvider>dataProvider</abc:dataProvider>
			<abc:dataSensitivityLevel>dataSensitivityLevel</abc:dataSensitivityLevel>
			<abc:dateDataCollected>2023-10-30T14:41:00-05:00</abc:dateDataCollected>
			<abc:dateOfLastStatusChange>2023-10-30T14:41:00-05:00</abc:dateOfLastStatusChange>
			<abc:description>description</abc:description>
			<abc:featureType>featureType</abc:featureType>
			<abc:horizontalCRS>horizontalCRS</abc:horizontalCRS>
			<abc:measurementUnits>measurementUnits</abc:measurementUnits>
			<abc:operationalStatus>operationalStatus</abc:operationalStatus>
			<abc:originalDateDataCollected>originalDateDataCollected</abc:originalDateDataCollected>
			<abc:systemID>systemID</abc:systemID>
			<abc:systemLoadDate>2023-10-30T14:41:00-05:00</abc:systemLoadDate>
			<abc:version>version</abc:version>
			<abc:objectID>objectID</abc:objectID>
			<abc:verticalCRS>verticalCRS</abc:verticalCRS>
			<abc:recordID>recordID</abc:recordID>
			<abc:encloses nilReason="encloses.nilReason" gml:remoteSchema="encloses.gml_remoteSchema" xlink:href="encloses.xlink_href" xlink:role="encloses.xlink_role" xlink:title="encloses.xlink_title"/>
			<abc:centroidXYZ>centroidXYZ</abc:centroidXYZ>
			<abc:depth>depth</abc:depth>
			<abc:depthMethod>depthMethod</abc:depthMethod>
			<abc:enhancedMeasures>enhancedMeasures</abc:enhancedMeasures>
			<abc:enhancedMeasuresProximity>enhancedMeasuresProximity</abc:enhancedMeasuresProximity>
			<abc:horizontalAccuracy>horizontalAccuracy</abc:horizontalAccuracy>
			<abc:horizontalMeasurementMethod>horizontalMeasurementMethod</abc:horizontalMeasurementMethod>
			<abc:intendedPermanence>intendedPermanence</abc:intendedPermanence>
			<abc:emergencyContact>emergencyContact</abc:emergencyContact>
			<abc:locationType>locationType</abc:locationType>
			<abc:assetName>assetName</abc:assetName>
			<abc:assetOwner>assetOwner</abc:assetOwner>
			<abc:assetOwnerID>assetOwnerID</abc:assetOwnerID>
			<abc:operator>operator</abc:operator>
			<abc:qualityLevel>qualityLevel</abc:qualityLevel>
			<abc:undergroundStatus>undergroundStatus</abc:undergroundStatus>
			<abc:material>material</abc:material>
			<abc:verticalAccuracy>verticalAccuracy</abc:verticalAccuracy>
			<abc:colour>colour</abc:colour>
			<abc:azimuth>azimuth</abc:azimuth>
			<abc:container>container</abc:container>
			<abc:dateOfInstallation>2023-10-30T14:41:00-05:00</abc:dateOfInstallation>
			<abc:insideHeight>
				<abc:HeightType>
					<abc:height>insideHeight.HeightType.height</abc:height>
					<abc:unitOfMeasure>insideHeight.HeightType.unitOfMeasure</abc:unitOfMeasure>
				</abc:HeightType>
			</abc:insideHeight>
			<abc:insideLength>
				<abc:LengthType>
					<abc:length>insideLength.LengthType.length</abc:length>
					<abc:unitOfMeasure>insideLength.LengthType.unitOfMeasure</abc:unitOfMeasure>
				</abc:LengthType>
			</abc:insideLength>
			<abc:insideWidth>
				<abc:WidthType>
					<abc:width>insideWidth.WidthType.width</abc:width>
					<abc:unitOfMeasure>insideWidth.WidthType.unitOfMeasure</abc:unitOfMeasure>
				</abc:WidthType>
			</abc:insideWidth>
			<abc:isAuxiliary>false</abc:isAuxiliary>
			<abc:isCathodicProtected>false</abc:isCathodicProtected>
			<abc:isEncased>false</abc:isEncased>
			<abc:isNPS>false</abc:isNPS>
			<abc:outsideHeight>
				<abc:HeightType>
					<abc:height>outsideHeight.HeightType.height</abc:height>
					<abc:unitOfMeasure>outsideHeight.HeightType.unitOfMeasure</abc:unitOfMeasure>
				</abc:HeightType>
			</abc:outsideHeight>
			<abc:outsideLength>
				<abc:LengthType>
					<abc:length>outsideLength.LengthType.length</abc:length>
					<abc:unitOfMeasure>outsideLength.LengthType.unitOfMeasure</abc:unitOfMeasure>
				</abc:LengthType>
			</abc:outsideLength>
			<abc:outsideWidth>
				<abc:WidthType>
					<abc:width>outsideWidth.WidthType.width</abc:width>
					<abc:unitOfMeasure>outsideWidth.WidthType.unitOfMeasure</abc:unitOfMeasure>
				</abc:WidthType>
			</abc:outsideWidth>
			<abc:protectiveMaterial>
				<abc:WidthType>
					<abc:width>protectiveMaterial.WidthType.width</abc:width>
					<abc:unitOfMeasure>protectiveMaterial.WidthType.unitOfMeasure</abc:unitOfMeasure>
				</abc:WidthType>
			</abc:protectiveMaterial>
			<abc:utilitySubType>utilitySubType</abc:utilitySubType>
			<abc:utilityType>utilityType</abc:utilityType>
			<abc:wallThickness>wallThickness</abc:wallThickness>
			<abc:siteOf nilReason="siteOf.nilReason" gml:remoteSchema="siteOf.gml_remoteSchema" xlink:href="siteOf.xlink_href" xlink:role="siteOf.xlink_role" xlink:title="siteOf.xlink_title" owns="siteOf.owns"/>
		</abc:NetworkAsset>
	</gml:featureMember>
	<gml:featureMember>
		<abc:NetworkConveyance gml:id="id55a9ed14-c45a-4e67-b987-f15afd01560a">
			<abc:businessContact>businessContact</abc:businessContact>
			<abc:certification>certification</abc:certification>
			<abc:dataOwner>dataOwner</abc:dataOwner>
			<abc:dataOwnerUniqueID>dataOwnerUniqueID</abc:dataOwnerUniqueID>
			<abc:dataProviderUniqueID>dataProviderUniqueID</abc:dataProviderUniqueID>
			<abc:dataProvider>dataProvider</abc:dataProvider>
			<abc:dataSensitivityLevel>dataSensitivityLevel</abc:dataSensitivityLevel>
			<abc:dateDataCollected>2023-10-30T14:41:00-05:00</abc:dateDataCollected>
			<abc:dateOfLastStatusChange>2023-10-30T14:41:00-05:00</abc:dateOfLastStatusChange>
			<abc:description>description</abc:description>
			<abc:featureType>featureType</abc:featureType>
			<abc:horizontalCRS>horizontalCRS</abc:horizontalCRS>
			<abc:measurementUnits>measurementUnits</abc:measurementUnits>
			<abc:operationalStatus>operationalStatus</abc:operationalStatus>
			<abc:originalDateDataCollected>originalDateDataCollected</abc:originalDateDataCollected>
			<abc:systemID>systemID</abc:systemID>
			<abc:systemLoadDate>2023-10-30T14:41:00-05:00</abc:systemLoadDate>
			<abc:version>version</abc:version>
			<abc:objectID>objectID</abc:objectID>
			<abc:verticalCRS>verticalCRS</abc:verticalCRS>
			<abc:recordID>recordID</abc:recordID>
			<abc:encloses nilReason="encloses.nilReason" gml:remoteSchema="encloses.gml_remoteSchema" xlink:href="encloses.xlink_href" xlink:role="encloses.xlink_role" xlink:title="encloses.xlink_title"/>
			<abc:centroidXYZ>centroidXYZ</abc:centroidXYZ>
			<abc:depth>depth</abc:depth>
			<abc:depthMethod>depthMethod</abc:depthMethod>
			<abc:enhancedMeasures>enhancedMeasures</abc:enhancedMeasures>
			<abc:enhancedMeasuresProximity>enhancedMeasuresProximity</abc:enhancedMeasuresProximity>
			<abc:horizontalAccuracy>horizontalAccuracy</abc:horizontalAccuracy>
			<abc:horizontalMeasurementMethod>horizontalMeasurementMethod</abc:horizontalMeasurementMethod>
			<abc:intendedPermanence>intendedPermanence</abc:intendedPermanence>
			<abc:emergencyContact>emergencyContact</abc:emergencyContact>
			<abc:locationType>locationType</abc:locationType>
			<abc:assetName>assetName</abc:assetName>
			<abc:assetOwner>assetOwner</abc:assetOwner>
			<abc:assetOwnerID>assetOwnerID</abc:assetOwnerID>
			<abc:operator>operator</abc:operator>
			<abc:qualityLevel>qualityLevel</abc:qualityLevel>
			<abc:undergroundStatus>undergroundStatus</abc:undergroundStatus>
			<abc:material>material</abc:material>
			<abc:verticalAccuracy>verticalAccuracy</abc:verticalAccuracy>
			<abc:colour>colour</abc:colour>
			<abc:azimuth>azimuth</abc:azimuth>
			<abc:container>container</abc:container>
			<abc:dateOfInstallation>2023-10-30T14:41:00-05:00</abc:dateOfInstallation>
			<abc:isAuxiliary>false</abc:isAuxiliary>
			<abc:isCathodicProtected>false</abc:isCathodicProtected>
			<abc:isEncased>false</abc:isEncased>
			<abc:isNPS>false</abc:isNPS>
			<abc:utilitySubType>utilitySubType</abc:utilitySubType>
			<abc:utilityType>utilityType</abc:utilityType>
			<abc:wallThickness>wallThickness</abc:wallThickness>
			<abc:siteOf nilReason="siteOf.nilReason" gml:remoteSchema="siteOf.gml_remoteSchema" xlink:href="siteOf.xlink_href" xlink:role="siteOf.xlink_role" xlink:title="siteOf.xlink_title" owns="siteOf.owns"/>
			<abc:conveyanceCategory>conveyanceCategory</abc:conveyanceCategory>
			<abc:conveyanceMethod>conveyanceMethod</abc:conveyanceMethod>
			<abc:fillMaterial>fillMaterial</abc:fillMaterial>
			<abc:isFilled>false</abc:isFilled>
			<abc:operatingConveyanceLevel>operatingConveyanceLevel</abc:operatingConveyanceLevel>
			<abc:operatingConveyanceLevelType>operatingConveyanceLevelType</abc:operatingConveyanceLevelType>
			<abc:operatingConveyanceLevelUnits>operatingConveyanceLevelUnits</abc:operatingConveyanceLevelUnits>
			<abc:operatingTemperature>operatingTemperature</abc:operatingTemperature>
			<abc:operatingTemperatureRange>operatingTemperatureRange</abc:operatingTemperatureRange>
			<abc:operatingTemperatureUnits>operatingTemperatureUnits</abc:operatingTemperatureUnits>
			<abc:outerMaterial>outerMaterial</abc:outerMaterial>
			<abc:hasConveyance nilReason="hasConveyance.nilReason" gml:remoteSchema="hasConveyance.gml_remoteSchema" xlink:href="hasConveyance.xlink_href" xlink:role="hasConveyance.xlink_role" xlink:title="hasConveyance.xlink_title" owns="hasConveyance.owns"/>
		</abc:NetworkConveyance>
	</gml:featureMember>
	<gml:featureMember>
		<abc:NetworkConveyanceNode gml:id="id27f47ae5-8fca-43a6-800a-6fd067f19b49">
			<abc:businessContact>businessContact</abc:businessContact>
			<abc:certification>certification</abc:certification>
			<abc:dataOwner>dataOwner</abc:dataOwner>
			<abc:dataOwnerUniqueID>dataOwnerUniqueID</abc:dataOwnerUniqueID>
			<abc:dataProviderUniqueID>dataProviderUniqueID</abc:dataProviderUniqueID>
			<abc:dataProvider>dataProvider</abc:dataProvider>
			<abc:dataSensitivityLevel>dataSensitivityLevel</abc:dataSensitivityLevel>
			<abc:dateDataCollected>2023-10-30T14:41:00-05:00</abc:dateDataCollected>
			<abc:dateOfLastStatusChange>2023-10-30T14:41:00-05:00</abc:dateOfLastStatusChange>
			<abc:description>description</abc:description>
			<abc:featureType>featureType</abc:featureType>
			<abc:horizontalCRS>horizontalCRS</abc:horizontalCRS>
			<abc:measurementUnits>measurementUnits</abc:measurementUnits>
			<abc:operationalStatus>operationalStatus</abc:operationalStatus>
			<abc:originalDateDataCollected>originalDateDataCollected</abc:originalDateDataCollected>
			<abc:systemID>systemID</abc:systemID>
			<abc:systemLoadDate>2023-10-30T14:41:00-05:00</abc:systemLoadDate>
			<abc:version>version</abc:version>
			<abc:objectID>objectID</abc:objectID>
			<abc:verticalCRS>verticalCRS</abc:verticalCRS>
			<abc:recordID>recordID</abc:recordID>
			<abc:encloses nilReason="encloses.nilReason" gml:remoteSchema="encloses.gml_remoteSchema" xlink:href="encloses.xlink_href" xlink:role="encloses.xlink_role" xlink:title="encloses.xlink_title"/>
			<abc:centroidXYZ>centroidXYZ</abc:centroidXYZ>
			<abc:depth>depth</abc:depth>
			<abc:depthMethod>depthMethod</abc:depthMethod>
			<abc:enhancedMeasures>enhancedMeasures</abc:enhancedMeasures>
			<abc:enhancedMeasuresProximity>enhancedMeasuresProximity</abc:enhancedMeasuresProximity>
			<abc:horizontalAccuracy>horizontalAccuracy</abc:horizontalAccuracy>
			<abc:horizontalMeasurementMethod>horizontalMeasurementMethod</abc:horizontalMeasurementMethod>
			<abc:intendedPermanence>intendedPermanence</abc:intendedPermanence>
			<abc:emergencyContact>emergencyContact</abc:emergencyContact>
			<abc:locationType>locationType</abc:locationType>
			<abc:assetName>assetName</abc:assetName>
			<abc:assetOwner>assetOwner</abc:assetOwner>
			<abc:assetOwnerID>assetOwnerID</abc:assetOwnerID>
			<abc:operator>operator</abc:operator>
			<abc:qualityLevel>qualityLevel</abc:qualityLevel>
			<abc:undergroundStatus>undergroundStatus</abc:undergroundStatus>
			<abc:material>material</abc:material>
			<abc:verticalAccuracy>verticalAccuracy</abc:verticalAccuracy>
			<abc:colour>colour</abc:colour>
			<abc:azimuth>azimuth</abc:azimuth>
			<abc:container>container</abc:container>
			<abc:dateOfInstallation>2023-10-30T14:41:00-05:00</abc:dateOfInstallation>
			<abc:isAuxiliary>false</abc:isAuxiliary>
			<abc:isCathodicProtected>false</abc:isCathodicProtected>
			<abc:isEncased>false</abc:isEncased>
			<abc:isNPS>false</abc:isNPS>
			<abc:utilitySubType>utilitySubType</abc:utilitySubType>
			<abc:utilityType>utilityType</abc:utilityType>
			<abc:wallThickness>wallThickness</abc:wallThickness>
			<abc:siteOf nilReason="siteOf.nilReason" gml:remoteSchema="siteOf.gml_remoteSchema" xlink:href="siteOf.xlink_href" xlink:role="siteOf.xlink_role" xlink:title="siteOf.xlink_title" owns="siteOf.owns"/>
			<abc:conveyanceCategory>conveyanceCategory</abc:conveyanceCategory>
			<abc:conveyanceMethod>conveyanceMethod</abc:conveyanceMethod>
			<abc:fillMaterial>fillMaterial</abc:fillMaterial>
			<abc:isFilled>false</abc:isFilled>
			<abc:operatingConveyanceLevel>operatingConveyanceLevel</abc:operatingConveyanceLevel>
			<abc:operatingConveyanceLevelType>operatingConveyanceLevelType</abc:operatingConveyanceLevelType>
			<abc:operatingConveyanceLevelUnits>operatingConveyanceLevelUnits</abc:operatingConveyanceLevelUnits>
			<abc:operatingTemperature>operatingTemperature</abc:operatingTemperature>
			<abc:operatingTemperatureRange>operatingTemperatureRange</abc:operatingTemperatureRange>
			<abc:operatingTemperatureUnits>operatingTemperatureUnits</abc:operatingTemperatureUnits>
			<abc:outerMaterial>outerMaterial</abc:outerMaterial>
			<abc:hasConveyance nilReason="hasConveyance.nilReason" gml:remoteSchema="hasConveyance.gml_remoteSchema" xlink:href="hasConveyance.xlink_href" xlink:role="hasConveyance.xlink_role" xlink:title="hasConveyance.xlink_title" owns="hasConveyance.owns"/>
			<abc:componentType>componentType</abc:componentType>
		</abc:NetworkConveyanceNode>
	</gml:featureMember>
	<gml:featureMember>
		<abc:NonUtilityObject gml:id="id79df6e34-522a-4ce3-bb2a-2e249824baf5">
			<abc:businessContact>businessContact</abc:businessContact>
			<abc:certification>certification</abc:certification>
			<abc:dataOwner>dataOwner</abc:dataOwner>
			<abc:dataOwnerUniqueID>dataOwnerUniqueID</abc:dataOwnerUniqueID>
			<abc:dataProviderUniqueID>dataProviderUniqueID</abc:dataProviderUniqueID>
			<abc:dataProvider>dataProvider</abc:dataProvider>
			<abc:dataSensitivityLevel>dataSensitivityLevel</abc:dataSensitivityLevel>
			<abc:dateDataCollected>2023-10-30T14:41:00-05:00</abc:dateDataCollected>
			<abc:dateOfLastStatusChange>2023-10-30T14:41:00-05:00</abc:dateOfLastStatusChange>
			<abc:description>description</abc:description>
			<abc:featureType>featureType</abc:featureType>
			<abc:horizontalCRS>horizontalCRS</abc:horizontalCRS>
			<abc:measurementUnits>measurementUnits</abc:measurementUnits>
			<abc:operationalStatus>operationalStatus</abc:operationalStatus>
			<abc:originalDateDataCollected>originalDateDataCollected</abc:originalDateDataCollected>
			<abc:systemID>systemID</abc:systemID>
			<abc:systemLoadDate>2023-10-30T14:41:00-05:00</abc:systemLoadDate>
			<abc:version>version</abc:version>
			<abc:objectID>objectID</abc:objectID>
			<abc:verticalCRS>verticalCRS</abc:verticalCRS>
			<abc:recordID>recordID</abc:recordID>
			<abc:encloses nilReason="encloses.nilReason" gml:remoteSchema="encloses.gml_remoteSchema" xlink:href="encloses.xlink_href" xlink:role="encloses.xlink_role" xlink:title="encloses.xlink_title"/>
			<abc:centroidXYZ>centroidXYZ</abc:centroidXYZ>
			<abc:depth>depth</abc:depth>
			<abc:depthMethod>depthMethod</abc:depthMethod>
			<abc:enhancedMeasures>enhancedMeasures</abc:enhancedMeasures>
			<abc:enhancedMeasuresProximity>enhancedMeasuresProximity</abc:enhancedMeasuresProximity>
			<abc:horizontalAccuracy>horizontalAccuracy</abc:horizontalAccuracy>
			<abc:horizontalMeasurementMethod>horizontalMeasurementMethod</abc:horizontalMeasurementMethod>
			<abc:intendedPermanence>intendedPermanence</abc:intendedPermanence>
			<abc:emergencyContact>emergencyContact</abc:emergencyContact>
			<abc:locationType>locationType</abc:locationType>
			<abc:assetName>assetName</abc:assetName>
			<abc:assetOwner>assetOwner</abc:assetOwner>
			<abc:assetOwnerID>assetOwnerID</abc:assetOwnerID>
			<abc:operator>operator</abc:operator>
			<abc:qualityLevel>qualityLevel</abc:qualityLevel>
			<abc:undergroundStatus>undergroundStatus</abc:undergroundStatus>
			<abc:material>material</abc:material>
			<abc:verticalAccuracy>verticalAccuracy</abc:verticalAccuracy>
			<abc:colour>colour</abc:colour>
			<abc:azimuth>azimuth</abc:azimuth>
			<abc:container>container</abc:container>
			<abc:dateOfInstallation>2023-10-30T14:41:00-05:00</abc:dateOfInstallation>
			<abc:geometry>
				<gml:Point gml:id="id79df6e34-522a-4ce3-bb2a-2e249824baf5-0" srsName="EPSG:4326" srsDimension="2">
					<gml:pos>51 -98</gml:pos>
				</gml:Point>
			</abc:geometry>
			<abc:isEncased>false</abc:isEncased>
			<abc:type>type</abc:type>
		</abc:NonUtilityObject>
	</gml:featureMember>
	<gml:featureMember>
		<abc:Observation gml:id="idf4853b14-8f04-45c1-825f-bbde54795aec">
			<abc:businessContact>businessContact</abc:businessContact>
			<abc:certification>certification</abc:certification>
			<abc:dataOwner>dataOwner</abc:dataOwner>
			<abc:dataOwnerUniqueID>dataOwnerUniqueID</abc:dataOwnerUniqueID>
			<abc:dataProviderUniqueID>dataProviderUniqueID</abc:dataProviderUniqueID>
			<abc:dataProvider>dataProvider</abc:dataProvider>
			<abc:dataSensitivityLevel>dataSensitivityLevel</abc:dataSensitivityLevel>
			<abc:dateDataCollected>2023-10-30T14:41:00-05:00</abc:dateDataCollected>
			<abc:dateOfLastStatusChange>2023-10-30T14:41:00-05:00</abc:dateOfLastStatusChange>
			<abc:description>description</abc:description>
			<abc:featureType>featureType</abc:featureType>
			<abc:horizontalCRS>horizontalCRS</abc:horizontalCRS>
			<abc:measurementUnits>measurementUnits</abc:measurementUnits>
			<abc:operationalStatus>operationalStatus</abc:operationalStatus>
			<abc:originalDateDataCollected>originalDateDataCollected</abc:originalDateDataCollected>
			<abc:systemID>systemID</abc:systemID>
			<abc:systemLoadDate>2023-10-30T14:41:00-05:00</abc:systemLoadDate>
			<abc:version>version</abc:version>
			<abc:objectID>objectID</abc:objectID>
			<abc:verticalCRS>verticalCRS</abc:verticalCRS>
			<abc:recordID>recordID</abc:recordID>
			<abc:encloses nilReason="encloses.nilReason" gml:remoteSchema="encloses.gml_remoteSchema" xlink:href="encloses.xlink_href" xlink:role="encloses.xlink_role" xlink:title="encloses.xlink_title"/>
			<abc:estimatedBackfillDate>estimatedBackfillDate</abc:estimatedBackfillDate>
			<abc:geometry>
				<gml:Point gml:id="idf4853b14-8f04-45c1-825f-bbde54795aec-0" srsName="EPSG:4326" srsDimension="2">
					<gml:pos>51 -98</gml:pos>
				</gml:Point>
			</abc:geometry>
			<abc:impactOnWorks>impactOnWorks</abc:impactOnWorks>
			<abc:notes>notes</abc:notes>
			<abc:resultTime>resultTime</abc:resultTime>
			<abc:phenomenonTime>phenomenonTime</abc:phenomenonTime>
			<abc:procedure>procedure</abc:procedure>
			<abc:validTime>validTime</abc:validTime>
			<abc:sensorUsed nilReason="sensorUsed.nilReason" gml:remoteSchema="sensorUsed.gml_remoteSchema" xlink:href="sensorUsed.xlink_href" xlink:role="sensorUsed.xlink_role" xlink:title="sensorUsed.xlink_title" owns="sensorUsed.owns"/>
		</abc:Observation>
	</gml:featureMember>
	<gml:featureMember>
		<abc:Sensor gml:id="id8fc3a0b7-519f-49b2-a294-11cfc763fe65">
			<abc:businessContact>businessContact</abc:businessContact>
			<abc:certification>certification</abc:certification>
			<abc:dataOwner>dataOwner</abc:dataOwner>
			<abc:dataOwnerUniqueID>dataOwnerUniqueID</abc:dataOwnerUniqueID>
			<abc:dataProviderUniqueID>dataProviderUniqueID</abc:dataProviderUniqueID>
			<abc:dataProvider>dataProvider</abc:dataProvider>
			<abc:dataSensitivityLevel>dataSensitivityLevel</abc:dataSensitivityLevel>
			<abc:dateDataCollected>2023-10-30T14:41:00-05:00</abc:dateDataCollected>
			<abc:dateOfLastStatusChange>2023-10-30T14:41:00-05:00</abc:dateOfLastStatusChange>
			<abc:description>description</abc:description>
			<abc:featureType>featureType</abc:featureType>
			<abc:horizontalCRS>horizontalCRS</abc:horizontalCRS>
			<abc:measurementUnits>measurementUnits</abc:measurementUnits>
			<abc:operationalStatus>operationalStatus</abc:operationalStatus>
			<abc:originalDateDataCollected>originalDateDataCollected</abc:originalDateDataCollected>
			<abc:systemID>systemID</abc:systemID>
			<abc:systemLoadDate>2023-10-30T14:41:00-05:00</abc:systemLoadDate>
			<abc:version>version</abc:version>
			<abc:objectID>objectID</abc:objectID>
			<abc:verticalCRS>verticalCRS</abc:verticalCRS>
			<abc:recordID>recordID</abc:recordID>
			<abc:encloses nilReason="encloses.nilReason" gml:remoteSchema="encloses.gml_remoteSchema" xlink:href="encloses.xlink_href" xlink:role="encloses.xlink_role" xlink:title="encloses.xlink_title"/>
			<abc:centroidXYZ>centroidXYZ</abc:centroidXYZ>
			<abc:depth>depth</abc:depth>
			<abc:depthMethod>depthMethod</abc:depthMethod>
			<abc:enhancedMeasures>enhancedMeasures</abc:enhancedMeasures>
			<abc:enhancedMeasuresProximity>enhancedMeasuresProximity</abc:enhancedMeasuresProximity>
			<abc:horizontalAccuracy>horizontalAccuracy</abc:horizontalAccuracy>
			<abc:horizontalMeasurementMethod>horizontalMeasurementMethod</abc:horizontalMeasurementMethod>
			<abc:intendedPermanence>intendedPermanence</abc:intendedPermanence>
			<abc:emergencyContact>emergencyContact</abc:emergencyContact>
			<abc:locationType>locationType</abc:locationType>
			<abc:assetName>assetName</abc:assetName>
			<abc:assetOwner>assetOwner</abc:assetOwner>
			<abc:assetOwnerID>assetOwnerID</abc:assetOwnerID>
			<abc:operator>operator</abc:operator>
			<abc:qualityLevel>qualityLevel</abc:qualityLevel>
			<abc:undergroundStatus>undergroundStatus</abc:undergroundStatus>
			<abc:material>material</abc:material>
			<abc:verticalAccuracy>verticalAccuracy</abc:verticalAccuracy>
			<abc:colour>colour</abc:colour>
			<abc:azimuth>azimuth</abc:azimuth>
			<abc:container>container</abc:container>
			<abc:dateOfInstallation>2023-10-30T14:41:00-05:00</abc:dateOfInstallation>
			<abc:isAuxiliary>false</abc:isAuxiliary>
			<abc:isCathodicProtected>false</abc:isCathodicProtected>
			<abc:isEncased>false</abc:isEncased>
			<abc:isNPS>false</abc:isNPS>
			<abc:utilitySubType>utilitySubType</abc:utilitySubType>
			<abc:utilityType>utilityType</abc:utilityType>
			<abc:wallThickness>wallThickness</abc:wallThickness>
			<abc:siteOf nilReason="siteOf.nilReason" gml:remoteSchema="siteOf.gml_remoteSchema" xlink:href="siteOf.xlink_href" xlink:role="siteOf.xlink_role" xlink:title="siteOf.xlink_title" owns="siteOf.owns"/>
			<abc:accessoryType>accessoryType</abc:accessoryType>
			<abc:hasAccessory nilReason="hasAccessory.nilReason" gml:remoteSchema="hasAccessory.gml_remoteSchema" xlink:href="hasAccessory.xlink_href" xlink:role="hasAccessory.xlink_role" xlink:title="hasAccessory.xlink_title" owns="hasAccessory.owns"/>
			<abc:SensorType>SensorType</abc:SensorType>
			<abc:geometry>
				<gml:Point gml:id="id8fc3a0b7-519f-49b2-a294-11cfc763fe65-0" srsName="EPSG:4326" srsDimension="2">
					<gml:pos>51 -98</gml:pos>
				</gml:Point>
			</abc:geometry>
		</abc:Sensor>
	</gml:featureMember>
	<gml:featureMember>
		<abc:Structure gml:id="id0eedd6bc-0a04-41b0-b024-e7a1f63d94a9">
			<abc:businessContact>businessContact</abc:businessContact>
			<abc:certification>certification</abc:certification>
			<abc:dataOwner>dataOwner</abc:dataOwner>
			<abc:dataOwnerUniqueID>dataOwnerUniqueID</abc:dataOwnerUniqueID>
			<abc:dataProviderUniqueID>dataProviderUniqueID</abc:dataProviderUniqueID>
			<abc:dataProvider>dataProvider</abc:dataProvider>
			<abc:dataSensitivityLevel>dataSensitivityLevel</abc:dataSensitivityLevel>
			<abc:dateDataCollected>2023-10-30T14:41:00-05:00</abc:dateDataCollected>
			<abc:dateOfLastStatusChange>2023-10-30T14:41:00-05:00</abc:dateOfLastStatusChange>
			<abc:description>description</abc:description>
			<abc:featureType>featureType</abc:featureType>
			<abc:horizontalCRS>horizontalCRS</abc:horizontalCRS>
			<abc:measurementUnits>measurementUnits</abc:measurementUnits>
			<abc:operationalStatus>operationalStatus</abc:operationalStatus>
			<abc:originalDateDataCollected>originalDateDataCollected</abc:originalDateDataCollected>
			<abc:systemID>systemID</abc:systemID>
			<abc:systemLoadDate>2023-10-30T14:41:00-05:00</abc:systemLoadDate>
			<abc:version>version</abc:version>
			<abc:objectID>objectID</abc:objectID>
			<abc:verticalCRS>verticalCRS</abc:verticalCRS>
			<abc:recordID>recordID</abc:recordID>
			<abc:encloses nilReason="encloses.nilReason" gml:remoteSchema="encloses.gml_remoteSchema" xlink:href="encloses.xlink_href" xlink:role="encloses.xlink_role" xlink:title="encloses.xlink_title"/>
			<abc:centroidXYZ>centroidXYZ</abc:centroidXYZ>
			<abc:depth>depth</abc:depth>
			<abc:depthMethod>depthMethod</abc:depthMethod>
			<abc:enhancedMeasures>enhancedMeasures</abc:enhancedMeasures>
			<abc:enhancedMeasuresProximity>enhancedMeasuresProximity</abc:enhancedMeasuresProximity>
			<abc:horizontalAccuracy>horizontalAccuracy</abc:horizontalAccuracy>
			<abc:horizontalMeasurementMethod>horizontalMeasurementMethod</abc:horizontalMeasurementMethod>
			<abc:intendedPermanence>intendedPermanence</abc:intendedPermanence>
			<abc:emergencyContact>emergencyContact</abc:emergencyContact>
			<abc:locationType>locationType</abc:locationType>
			<abc:assetName>assetName</abc:assetName>
			<abc:assetOwner>assetOwner</abc:assetOwner>
			<abc:assetOwnerID>assetOwnerID</abc:assetOwnerID>
			<abc:operator>operator</abc:operator>
			<abc:qualityLevel>qualityLevel</abc:qualityLevel>
			<abc:undergroundStatus>undergroundStatus</abc:undergroundStatus>
			<abc:material>material</abc:material>
			<abc:verticalAccuracy>verticalAccuracy</abc:verticalAccuracy>
			<abc:colour>colour</abc:colour>
			<abc:azimuth>azimuth</abc:azimuth>
			<abc:container>container</abc:container>
			<abc:dateOfInstallation>2023-10-30T14:41:00-05:00</abc:dateOfInstallation>
			<abc:geometry>
				<gml:Point gml:id="id0eedd6bc-0a04-41b0-b024-e7a1f63d94a9-0" srsName="EPSG:4326" srsDimension="2">
					<gml:pos>51 -98</gml:pos>
				</gml:Point>
			</abc:geometry>
			<abc:isEncased>false</abc:isEncased>
		</abc:Structure>
	</gml:featureMember>
	<gml:featureMember>
		<abc:Support gml:id="ide8b15680-dbd1-44ae-8fc8-5efcca7817d2">
			<abc:businessContact>businessContact</abc:businessContact>
			<abc:certification>certification</abc:certification>
			<abc:dataOwner>dataOwner</abc:dataOwner>
			<abc:dataOwnerUniqueID>dataOwnerUniqueID</abc:dataOwnerUniqueID>
			<abc:dataProviderUniqueID>dataProviderUniqueID</abc:dataProviderUniqueID>
			<abc:dataProvider>dataProvider</abc:dataProvider>
			<abc:dataSensitivityLevel>dataSensitivityLevel</abc:dataSensitivityLevel>
			<abc:dateDataCollected>2023-10-30T14:41:00-05:00</abc:dateDataCollected>
			<abc:dateOfLastStatusChange>2023-10-30T14:41:00-05:00</abc:dateOfLastStatusChange>
			<abc:description>description</abc:description>
			<abc:featureType>featureType</abc:featureType>
			<abc:horizontalCRS>horizontalCRS</abc:horizontalCRS>
			<abc:measurementUnits>measurementUnits</abc:measurementUnits>
			<abc:operationalStatus>operationalStatus</abc:operationalStatus>
			<abc:originalDateDataCollected>originalDateDataCollected</abc:originalDateDataCollected>
			<abc:systemID>systemID</abc:systemID>
			<abc:systemLoadDate>2023-10-30T14:41:00-05:00</abc:systemLoadDate>
			<abc:version>version</abc:version>
			<abc:objectID>objectID</abc:objectID>
			<abc:verticalCRS>verticalCRS</abc:verticalCRS>
			<abc:recordID>recordID</abc:recordID>
			<abc:encloses nilReason="encloses.nilReason" gml:remoteSchema="encloses.gml_remoteSchema" xlink:href="encloses.xlink_href" xlink:role="encloses.xlink_role" xlink:title="encloses.xlink_title"/>
			<abc:centroidXYZ>centroidXYZ</abc:centroidXYZ>
			<abc:depth>depth</abc:depth>
			<abc:depthMethod>depthMethod</abc:depthMethod>
			<abc:enhancedMeasures>enhancedMeasures</abc:enhancedMeasures>
			<abc:enhancedMeasuresProximity>enhancedMeasuresProximity</abc:enhancedMeasuresProximity>
			<abc:horizontalAccuracy>horizontalAccuracy</abc:horizontalAccuracy>
			<abc:horizontalMeasurementMethod>horizontalMeasurementMethod</abc:horizontalMeasurementMethod>
			<abc:intendedPermanence>intendedPermanence</abc:intendedPermanence>
			<abc:emergencyContact>emergencyContact</abc:emergencyContact>
			<abc:locationType>locationType</abc:locationType>
			<abc:assetName>assetName</abc:assetName>
			<abc:assetOwner>assetOwner</abc:assetOwner>
			<abc:assetOwnerID>assetOwnerID</abc:assetOwnerID>
			<abc:operator>operator</abc:operator>
			<abc:qualityLevel>qualityLevel</abc:qualityLevel>
			<abc:undergroundStatus>undergroundStatus</abc:undergroundStatus>
			<abc:material>material</abc:material>
			<abc:verticalAccuracy>verticalAccuracy</abc:verticalAccuracy>
			<abc:colour>colour</abc:colour>
			<abc:azimuth>azimuth</abc:azimuth>
			<abc:container>container</abc:container>
			<abc:dateOfInstallation>2023-10-30T14:41:00-05:00</abc:dateOfInstallation>
			<abc:isAuxiliary>false</abc:isAuxiliary>
			<abc:isCathodicProtected>false</abc:isCathodicProtected>
			<abc:isEncased>false</abc:isEncased>
			<abc:isNPS>false</abc:isNPS>
			<abc:utilitySubType>utilitySubType</abc:utilitySubType>
			<abc:utilityType>utilityType</abc:utilityType>
			<abc:wallThickness>wallThickness</abc:wallThickness>
			<abc:siteOf nilReason="siteOf.nilReason" gml:remoteSchema="siteOf.gml_remoteSchema" xlink:href="siteOf.xlink_href" xlink:role="siteOf.xlink_role" xlink:title="siteOf.xlink_title" owns="siteOf.owns"/>
			<abc:accessoryType>accessoryType</abc:accessoryType>
			<abc:hasAccessory nilReason="hasAccessory.nilReason" gml:remoteSchema="hasAccessory.gml_remoteSchema" xlink:href="hasAccessory.xlink_href" xlink:role="hasAccessory.xlink_role" xlink:title="hasAccessory.xlink_title" owns="hasAccessory.owns"/>
			<abc:geometry>
				<gml:Point gml:id="ide8b15680-dbd1-44ae-8fc8-5efcca7817d2-0" srsName="EPSG:4326" srsDimension="2">
					<gml:pos>51 -98</gml:pos>
				</gml:Point>
			</abc:geometry>
			<abc:supportType>supportType</abc:supportType>
		</abc:Support>
	</gml:featureMember>
	<gml:featureMember>
		<abc:UnidentifiedBuriedObject gml:id="idd0ad61f5-e6eb-483a-9d59-901b38754520">
			<abc:businessContact>businessContact</abc:businessContact>
			<abc:certification>certification</abc:certification>
			<abc:dataOwner>dataOwner</abc:dataOwner>
			<abc:dataOwnerUniqueID>dataOwnerUniqueID</abc:dataOwnerUniqueID>
			<abc:dataProviderUniqueID>dataProviderUniqueID</abc:dataProviderUniqueID>
			<abc:dataProvider>dataProvider</abc:dataProvider>
			<abc:dataSensitivityLevel>dataSensitivityLevel</abc:dataSensitivityLevel>
			<abc:dateDataCollected>2023-10-30T14:41:00-05:00</abc:dateDataCollected>
			<abc:dateOfLastStatusChange>2023-10-30T14:41:00-05:00</abc:dateOfLastStatusChange>
			<abc:description>description</abc:description>
			<abc:featureType>featureType</abc:featureType>
			<abc:horizontalCRS>horizontalCRS</abc:horizontalCRS>
			<abc:measurementUnits>measurementUnits</abc:measurementUnits>
			<abc:operationalStatus>operationalStatus</abc:operationalStatus>
			<abc:originalDateDataCollected>originalDateDataCollected</abc:originalDateDataCollected>
			<abc:systemID>systemID</abc:systemID>
			<abc:systemLoadDate>2023-10-30T14:41:00-05:00</abc:systemLoadDate>
			<abc:version>version</abc:version>
			<abc:objectID>objectID</abc:objectID>
			<abc:verticalCRS>verticalCRS</abc:verticalCRS>
			<abc:recordID>recordID</abc:recordID>
			<abc:encloses nilReason="encloses.nilReason" gml:remoteSchema="encloses.gml_remoteSchema" xlink:href="encloses.xlink_href" xlink:role="encloses.xlink_role" xlink:title="encloses.xlink_title"/>
			<abc:centroidXYZ>centroidXYZ</abc:centroidXYZ>
			<abc:depth>depth</abc:depth>
			<abc:depthMethod>depthMethod</abc:depthMethod>
			<abc:enhancedMeasures>enhancedMeasures</abc:enhancedMeasures>
			<abc:enhancedMeasuresProximity>enhancedMeasuresProximity</abc:enhancedMeasuresProximity>
			<abc:horizontalAccuracy>horizontalAccuracy</abc:horizontalAccuracy>
			<abc:horizontalMeasurementMethod>horizontalMeasurementMethod</abc:horizontalMeasurementMethod>
			<abc:intendedPermanence>intendedPermanence</abc:intendedPermanence>
			<abc:emergencyContact>emergencyContact</abc:emergencyContact>
			<abc:locationType>locationType</abc:locationType>
			<abc:assetName>assetName</abc:assetName>
			<abc:assetOwner>assetOwner</abc:assetOwner>
			<abc:assetOwnerID>assetOwnerID</abc:assetOwnerID>
			<abc:operator>operator</abc:operator>
			<abc:qualityLevel>qualityLevel</abc:qualityLevel>
			<abc:undergroundStatus>undergroundStatus</abc:undergroundStatus>
			<abc:material>material</abc:material>
			<abc:verticalAccuracy>verticalAccuracy</abc:verticalAccuracy>
			<abc:colour>colour</abc:colour>
			<abc:azimuth>azimuth</abc:azimuth>
			<abc:container>container</abc:container>
			<abc:dateOfInstallation>2023-10-30T14:41:00-05:00</abc:dateOfInstallation>
			<abc:geometry>
				<gml:Point gml:id="idd0ad61f5-e6eb-483a-9d59-901b38754520-0" srsName="EPSG:4326" srsDimension="2">
					<gml:pos>51 -98</gml:pos>
				</gml:Point>
			</abc:geometry>
			<abc:isEncased>false</abc:isEncased>
			<abc:colourDescription>colourDescription</abc:colourDescription>
			<abc:componentTypeDescription>componentTypeDescription</abc:componentTypeDescription>
			<abc:estimatedDepth>estimatedDepth</abc:estimatedDepth>
			<abc:estimatedUtilityType>estimatedUtilityType</abc:estimatedUtilityType>
			<abc:materialDescription>materialDescription</abc:materialDescription>
		</abc:UnidentifiedBuriedObject>
	</gml:featureMember>
	<gml:featureMember>
		<abc:Site gml:id="idd9b19aa4-eb22-4a4d-af20-becc141467a3">
			<abc:businessContact>businessContact</abc:businessContact>
			<abc:certification>certification</abc:certification>
			<abc:dataOwner>dataOwner</abc:dataOwner>
			<abc:dataOwnerUniqueID>dataOwnerUniqueID</abc:dataOwnerUniqueID>
			<abc:dataProviderUniqueID>dataProviderUniqueID</abc:dataProviderUniqueID>
			<abc:dataProvider>dataProvider</abc:dataProvider>
			<abc:dataSensitivityLevel>dataSensitivityLevel</abc:dataSensitivityLevel>
			<abc:dateDataCollected>2023-10-30T14:41:00-05:00</abc:dateDataCollected>
			<abc:dateOfLastStatusChange>2023-10-30T14:41:00-05:00</abc:dateOfLastStatusChange>
			<abc:description>description</abc:description>
			<abc:featureType>featureType</abc:featureType>
			<abc:horizontalCRS>horizontalCRS</abc:horizontalCRS>
			<abc:measurementUnits>measurementUnits</abc:measurementUnits>
			<abc:operationalStatus>operationalStatus</abc:operationalStatus>
			<abc:originalDateDataCollected>originalDateDataCollected</abc:originalDateDataCollected>
			<abc:systemID>systemID</abc:systemID>
			<abc:systemLoadDate>systemLoadDate</abc:systemLoadDate>
			<abc:version>version</abc:version>
			<abc:objectID>objectID</abc:objectID>
			<abc:verticalCRS>verticalCRS</abc:verticalCRS>
			<abc:recordID>recordID</abc:recordID>
			<abc:encloses nilReason="encloses.nilReason" gml:remoteSchema="encloses.gml_remoteSchema" xlink:href="encloses.xlink_href" xlink:role="encloses.xlink_role" xlink:title="encloses.xlink_title"/>
			<abc:geometry>
				<gml:Surface gml:id="idd9b19aa4-eb22-4a4d-af20-becc141467a3-0" srsName="EPSG:4326" srsDimension="2">
					<gml:patches>
						<gml:PolygonPatch>
							<gml:exterior>
								<gml:LinearRing>
									<gml:posList>50 -99 50 -97 51 -97 51 -99 50 -99</gml:posList>
								</gml:LinearRing>
							</gml:exterior>
						</gml:PolygonPatch>
					</gml:patches>
				</gml:Surface>
			</abc:geometry>
			<abc:networkSiteType>networkSiteType</abc:networkSiteType>
		</abc:Site>
	</gml:featureMember>
	<gml:featureMember>
		<abc:ServiceArea gml:id="id8af9e6b5-0d14-41ab-ac25-7c4206b01cc5">
			<abc:businessContact>businessContact</abc:businessContact>
			<abc:certification>certification</abc:certification>
			<abc:dataOwner>dataOwner</abc:dataOwner>
			<abc:dataOwnerUniqueID>dataOwnerUniqueID</abc:dataOwnerUniqueID>
			<abc:dataProviderUniqueID>dataProviderUniqueID</abc:dataProviderUniqueID>
			<abc:dataProvider>dataProvider</abc:dataProvider>
			<abc:dataSensitivityLevel>dataSensitivityLevel</abc:dataSensitivityLevel>
			<abc:dateDataCollected>2023-10-30T14:41:00-05:00</abc:dateDataCollected>
			<abc:dateOfLastStatusChange>2023-10-30T14:41:00-05:00</abc:dateOfLastStatusChange>
			<abc:description>description</abc:description>
			<abc:featureType>featureType</abc:featureType>
			<abc:horizontalCRS>horizontalCRS</abc:horizontalCRS>
			<abc:measurementUnits>measurementUnits</abc:measurementUnits>
			<abc:operationalStatus>operationalStatus</abc:operationalStatus>
			<abc:originalDateDataCollected>originalDateDataCollected</abc:originalDateDataCollected>
			<abc:systemID>systemID</abc:systemID>
			<abc:systemLoadDate>systemLoadDate</abc:systemLoadDate>
			<abc:version>version</abc:version>
			<abc:objectID>objectID</abc:objectID>
			<abc:verticalCRS>verticalCRS</abc:verticalCRS>
			<abc:recordID>recordID</abc:recordID>
			<abc:encloses nilReason="encloses.nilReason" gml:remoteSchema="encloses.gml_remoteSchema" xlink:href="encloses.xlink_href" xlink:role="encloses.xlink_role" xlink:title="encloses.xlink_title"/>
			<abc:geometry>
				<gml:Surface gml:id="id8af9e6b5-0d14-41ab-ac25-7c4206b01cc5-0" srsName="EPSG:4326" srsDimension="2">
					<gml:patches>
						<gml:PolygonPatch>
							<gml:exterior>
								<gml:LinearRing>
									<gml:posList>50 -99 50 -97 51 -97 51 -99 50 -99</gml:posList>
								</gml:LinearRing>
							</gml:exterior>
						</gml:PolygonPatch>
					</gml:patches>
				</gml:Surface>
			</abc:geometry>
			<abc:networkAreaType>networkAreaType</abc:networkAreaType>
		</abc:ServiceArea>
	</gml:featureMember>
	<gml:featureMember>
		<abc:PlanningArea gml:id="ida1b24a39-b2a4-4466-a1bf-2c1424e3d880">
			<abc:businessContact>businessContact</abc:businessContact>
			<abc:certification>certification</abc:certification>
			<abc:dataOwner>dataOwner</abc:dataOwner>
			<abc:dataOwnerUniqueID>dataOwnerUniqueID</abc:dataOwnerUniqueID>
			<abc:dataProviderUniqueID>dataProviderUniqueID</abc:dataProviderUniqueID>
			<abc:dataProvider>dataProvider</abc:dataProvider>
			<abc:dataSensitivityLevel>dataSensitivityLevel</abc:dataSensitivityLevel>
			<abc:dateDataCollected>2023-10-30T14:41:00-05:00</abc:dateDataCollected>
			<abc:dateOfLastStatusChange>2023-10-30T14:41:00-05:00</abc:dateOfLastStatusChange>
			<abc:description>description</abc:description>
			<abc:featureType>featureType</abc:featureType>
			<abc:horizontalCRS>horizontalCRS</abc:horizontalCRS>
			<abc:measurementUnits>measurementUnits</abc:measurementUnits>
			<abc:operationalStatus>operationalStatus</abc:operationalStatus>
			<abc:originalDateDataCollected>originalDateDataCollected</abc:originalDateDataCollected>
			<abc:systemID>systemID</abc:systemID>
			<abc:systemLoadDate>systemLoadDate</abc:systemLoadDate>
			<abc:version>version</abc:version>
			<abc:objectID>objectID</abc:objectID>
			<abc:verticalCRS>verticalCRS</abc:verticalCRS>
			<abc:recordID>recordID</abc:recordID>
			<abc:encloses nilReason="encloses.nilReason" gml:remoteSchema="encloses.gml_remoteSchema" xlink:href="encloses.xlink_href" xlink:role="encloses.xlink_role" xlink:title="encloses.xlink_title"/>
			<abc:geometry>
				<gml:Surface gml:id="ida1b24a39-b2a4-4466-a1bf-2c1424e3d880-0" srsName="EPSG:4326" srsDimension="2">
					<gml:patches>
						<gml:PolygonPatch>
							<gml:exterior>
								<gml:LinearRing>
									<gml:posList>50 -99 50 -97 51 -97 51 -99 50 -99</gml:posList>
								</gml:LinearRing>
							</gml:exterior>
						</gml:PolygonPatch>
					</gml:patches>
				</gml:Surface>
			</abc:geometry>
			<abc:directive>directive</abc:directive>
			<abc:planningAreaType>planningAreaType</abc:planningAreaType>
			<abc:policyDocumentation>policyDocumentation</abc:policyDocumentation>
			<abc:policyName>policyName</abc:policyName>
		</abc:PlanningArea>
	</gml:featureMember>
	<gml:featureMember>
		<abc:MUDDIEnvironmentUnit gml:id="id72a12340-bd4a-4ca2-a784-378e03ee6441">
			<abc:businessContact>businessContact</abc:businessContact>
			<abc:certification>certification</abc:certification>
			<abc:dataOwner>dataOwner</abc:dataOwner>
			<abc:dataOwnerUniqueID>dataOwnerUniqueID</abc:dataOwnerUniqueID>
			<abc:dataProviderUniqueID>dataProviderUniqueID</abc:dataProviderUniqueID>
			<abc:dataProvider>dataProvider</abc:dataProvider>
			<abc:dataSensitivityLevel>dataSensitivityLevel</abc:dataSensitivityLevel>
			<abc:dateDataCollected>2023-10-30T14:41:00-05:00</abc:dateDataCollected>
			<abc:dateOfLastStatusChange>2023-10-30T14:41:00-05:00</abc:dateOfLastStatusChange>
			<abc:description>description</abc:description>
			<abc:featureType>featureType</abc:featureType>
			<abc:horizontalCRS>horizontalCRS</abc:horizontalCRS>
			<abc:measurementUnits>measurementUnits</abc:measurementUnits>
			<abc:operationalStatus>operationalStatus</abc:operationalStatus>
			<abc:originalDateDataCollected>originalDateDataCollected</abc:originalDateDataCollected>
			<abc:systemID>systemID</abc:systemID>
			<abc:systemLoadDate>systemLoadDate</abc:systemLoadDate>
			<abc:version>version</abc:version>
			<abc:objectID>objectID</abc:objectID>
			<abc:verticalCRS>verticalCRS</abc:verticalCRS>
			<abc:recordID>recordID</abc:recordID>
			<abc:encloses nilReason="encloses.nilReason" gml:remoteSchema="encloses.gml_remoteSchema" xlink:href="encloses.xlink_href" xlink:role="encloses.xlink_role" xlink:title="encloses.xlink_title"/>
			<abc:geometry>
				<gml:Surface gml:id="id72a12340-bd4a-4ca2-a784-378e03ee6441-0" srsName="EPSG:4326" srsDimension="2">
					<gml:patches>
						<gml:PolygonPatch>
							<gml:exterior>
								<gml:LinearRing>
									<gml:posList>50 -99 50 -97 51 -97 51 -99 50 -99</gml:posList>
								</gml:LinearRing>
							</gml:exterior>
						</gml:PolygonPatch>
					</gml:patches>
				</gml:Surface>
			</abc:geometry>
			<abc:upperDepth>upperDepth</abc:upperDepth>
			<abc:lowerDepth>lowerDepth</abc:lowerDepth>
		</abc:MUDDIEnvironmentUnit>
	</gml:featureMember>
	<gml:featureMember>
		<abc:MUDDISpace gml:id="id32c870e7-c5a0-4a64-ab0f-199a4e163a93">
			<abc:businessContact>businessContact</abc:businessContact>
			<abc:certification>certification</abc:certification>
			<abc:dataOwner>dataOwner</abc:dataOwner>
			<abc:dataOwnerUniqueID>dataOwnerUniqueID</abc:dataOwnerUniqueID>
			<abc:dataProviderUniqueID>dataProviderUniqueID</abc:dataProviderUniqueID>
			<abc:dataProvider>dataProvider</abc:dataProvider>
			<abc:dataSensitivityLevel>dataSensitivityLevel</abc:dataSensitivityLevel>
			<abc:dateDataCollected>2023-10-30T14:41:00-05:00</abc:dateDataCollected>
			<abc:dateOfLastStatusChange>2023-10-30T14:41:00-05:00</abc:dateOfLastStatusChange>
			<abc:description>description</abc:description>
			<abc:featureType>featureType</abc:featureType>
			<abc:horizontalCRS>horizontalCRS</abc:horizontalCRS>
			<abc:measurementUnits>measurementUnits</abc:measurementUnits>
			<abc:operationalStatus>operationalStatus</abc:operationalStatus>
			<abc:originalDateDataCollected>originalDateDataCollected</abc:originalDateDataCollected>
			<abc:systemID>systemID</abc:systemID>
			<abc:systemLoadDate>systemLoadDate</abc:systemLoadDate>
			<abc:version>version</abc:version>
			<abc:objectID>objectID</abc:objectID>
			<abc:verticalCRS>verticalCRS</abc:verticalCRS>
			<abc:recordID>recordID</abc:recordID>
			<abc:encloses nilReason="encloses.nilReason" gml:remoteSchema="encloses.gml_remoteSchema" xlink:href="encloses.xlink_href" xlink:role="encloses.xlink_role" xlink:title="encloses.xlink_title"/>
			<abc:geometry>
				<gml:Surface gml:id="id32c870e7-c5a0-4a64-ab0f-199a4e163a93-0" srsName="EPSG:4326" srsDimension="2">
					<gml:patches>
						<gml:PolygonPatch>
							<gml:exterior>
								<gml:LinearRing>
									<gml:posList>50 -99 50 -97 51 -97 51 -99 50 -99</gml:posList>
								</gml:LinearRing>
							</gml:exterior>
						</gml:PolygonPatch>
					</gml:patches>
				</gml:Surface>
			</abc:geometry>
		</abc:MUDDISpace>
	</gml:featureMember>
	<gml:featureMember>
		<abc:NetworkConveyanceLink gml:id="idef6bec40-f8c0-421d-a874-9802e541507e">
			<abc:businessContact>businessContact</abc:businessContact>
			<abc:certification>certification</abc:certification>
			<abc:dataOwner>dataOwner</abc:dataOwner>
			<abc:dataOwnerUniqueID>dataOwnerUniqueID</abc:dataOwnerUniqueID>
			<abc:dataProviderUniqueID>dataProviderUniqueID</abc:dataProviderUniqueID>
			<abc:dataProvider>dataProvider</abc:dataProvider>
			<abc:dataSensitivityLevel>dataSensitivityLevel</abc:dataSensitivityLevel>
			<abc:dateDataCollected>2023-10-30T14:41:00-05:00</abc:dateDataCollected>
			<abc:dateOfLastStatusChange>2023-10-30T14:41:00-05:00</abc:dateOfLastStatusChange>
			<abc:description>description</abc:description>
			<abc:featureType>featureType</abc:featureType>
			<abc:horizontalCRS>horizontalCRS</abc:horizontalCRS>
			<abc:measurementUnits>measurementUnits</abc:measurementUnits>
			<abc:operationalStatus>operationalStatus</abc:operationalStatus>
			<abc:originalDateDataCollected>originalDateDataCollected</abc:originalDateDataCollected>
			<abc:systemID>systemID</abc:systemID>
			<abc:systemLoadDate>2023-10-30T14:41:00-05:00</abc:systemLoadDate>
			<abc:version>version</abc:version>
			<abc:objectID>objectID</abc:objectID>
			<abc:verticalCRS>verticalCRS</abc:verticalCRS>
			<abc:recordID>recordID</abc:recordID>
			<abc:encloses nilReason="encloses.nilReason" gml:remoteSchema="encloses.gml_remoteSchema" xlink:href="encloses.xlink_href" xlink:role="encloses.xlink_role" xlink:title="encloses.xlink_title"/>
			<abc:centroidXYZ>centroidXYZ</abc:centroidXYZ>
			<abc:depth>depth</abc:depth>
			<abc:depthMethod>depthMethod</abc:depthMethod>
			<abc:enhancedMeasures>enhancedMeasures</abc:enhancedMeasures>
			<abc:enhancedMeasuresProximity>enhancedMeasuresProximity</abc:enhancedMeasuresProximity>
			<abc:horizontalAccuracy>horizontalAccuracy</abc:horizontalAccuracy>
			<abc:horizontalMeasurementMethod>horizontalMeasurementMethod</abc:horizontalMeasurementMethod>
			<abc:intendedPermanence>intendedPermanence</abc:intendedPermanence>
			<abc:emergencyContact>emergencyContact</abc:emergencyContact>
			<abc:locationType>locationType</abc:locationType>
			<abc:assetName>assetName</abc:assetName>
			<abc:assetOwner>assetOwner</abc:assetOwner>
			<abc:assetOwnerID>assetOwnerID</abc:assetOwnerID>
			<abc:operator>operator</abc:operator>
			<abc:qualityLevel>qualityLevel</abc:qualityLevel>
			<abc:undergroundStatus>undergroundStatus</abc:undergroundStatus>
			<abc:material>material</abc:material>
			<abc:verticalAccuracy>verticalAccuracy</abc:verticalAccuracy>
			<abc:colour>colour</abc:colour>
			<abc:azimuth>azimuth</abc:azimuth>
			<abc:container>container</abc:container>
			<abc:dateOfInstallation>2023-10-30T14:41:00-05:00</abc:dateOfInstallation>
			<abc:isAuxiliary>false</abc:isAuxiliary>
			<abc:isCathodicProtected>false</abc:isCathodicProtected>
			<abc:isEncased>false</abc:isEncased>
			<abc:isNPS>false</abc:isNPS>
			<abc:utilitySubType>utilitySubType</abc:utilitySubType>
			<abc:utilityType>utilityType</abc:utilityType>
			<abc:wallThickness>wallThickness</abc:wallThickness>
			<abc:siteOf nilReason="siteOf.nilReason" gml:remoteSchema="siteOf.gml_remoteSchema" xlink:href="siteOf.xlink_href" xlink:role="siteOf.xlink_role" xlink:title="siteOf.xlink_title" owns="siteOf.owns"/>
			<abc:conveyanceCategory>conveyanceCategory</abc:conveyanceCategory>
			<abc:conveyanceMethod>conveyanceMethod</abc:conveyanceMethod>
			<abc:fillMaterial>fillMaterial</abc:fillMaterial>
			<abc:isFilled>false</abc:isFilled>
			<abc:operatingConveyanceLevel>operatingConveyanceLevel</abc:operatingConveyanceLevel>
			<abc:operatingConveyanceLevelType>operatingConveyanceLevelType</abc:operatingConveyanceLevelType>
			<abc:operatingConveyanceLevelUnits>operatingConveyanceLevelUnits</abc:operatingConveyanceLevelUnits>
			<abc:operatingTemperature>operatingTemperature</abc:operatingTemperature>
			<abc:operatingTemperatureRange>operatingTemperatureRange</abc:operatingTemperatureRange>
			<abc:operatingTemperatureUnits>operatingTemperatureUnits</abc:operatingTemperatureUnits>
			<abc:outerMaterial>outerMaterial</abc:outerMaterial>
			<abc:hasConveyance nilReason="hasConveyance.nilReason" gml:remoteSchema="hasConveyance.gml_remoteSchema" xlink:href="hasConveyance.xlink_href" xlink:role="hasConveyance.xlink_role" xlink:title="hasConveyance.xlink_title" owns="hasConveyance.owns"/>
			<abc:downstreamDepth>downstreamDepth</abc:downstreamDepth>
			<abc:componentType>componentType</abc:componentType>
			<abc:geometry>
				<gml:LineString gml:id="idef6bec40-f8c0-421d-a874-9802e541507e-0" srsName="EPSG:4326" srsDimension="2">
					<gml:posList>50.5 -98 51.5 -99</gml:posList>
				</gml:LineString>
			</abc:geometry>
			<abc:hasInlet nilReason="hasInlet.nilReason" gml:remoteSchema="hasInlet.gml_remoteSchema" xlink:href="hasInlet.xlink_href" xlink:role="hasInlet.xlink_role" xlink:title="hasInlet.xlink_title" owns="hasInlet.owns"/>
		</abc:NetworkConveyanceLink>
	</gml:featureMember>
	<gml:featureMember>
		<abc:PhysicalProtection gml:id="id571bb08a-f2e4-4d8e-9d32-be838103b3ee">
			<abc:businessContact>businessContact</abc:businessContact>
			<abc:certification>certification</abc:certification>
			<abc:dataOwner>dataOwner</abc:dataOwner>
			<abc:dataOwnerUniqueID>dataOwnerUniqueID</abc:dataOwnerUniqueID>
			<abc:dataProviderUniqueID>dataProviderUniqueID</abc:dataProviderUniqueID>
			<abc:dataProvider>dataProvider</abc:dataProvider>
			<abc:dataSensitivityLevel>dataSensitivityLevel</abc:dataSensitivityLevel>
			<abc:dateDataCollected>2023-10-30T14:41:00-05:00</abc:dateDataCollected>
			<abc:dateOfLastStatusChange>2023-10-30T14:41:00-05:00</abc:dateOfLastStatusChange>
			<abc:description>description</abc:description>
			<abc:featureType>featureType</abc:featureType>
			<abc:horizontalCRS>horizontalCRS</abc:horizontalCRS>
			<abc:measurementUnits>measurementUnits</abc:measurementUnits>
			<abc:operationalStatus>operationalStatus</abc:operationalStatus>
			<abc:originalDateDataCollected>originalDateDataCollected</abc:originalDateDataCollected>
			<abc:systemID>systemID</abc:systemID>
			<abc:systemLoadDate>2023-10-30T14:41:00-05:00</abc:systemLoadDate>
			<abc:version>version</abc:version>
			<abc:objectID>objectID</abc:objectID>
			<abc:verticalCRS>verticalCRS</abc:verticalCRS>
			<abc:recordID>recordID</abc:recordID>
			<abc:encloses nilReason="encloses.nilReason" gml:remoteSchema="encloses.gml_remoteSchema" xlink:href="encloses.xlink_href" xlink:role="encloses.xlink_role" xlink:title="encloses.xlink_title"/>
			<abc:centroidXYZ>centroidXYZ</abc:centroidXYZ>
			<abc:depth>depth</abc:depth>
			<abc:depthMethod>depthMethod</abc:depthMethod>
			<abc:enhancedMeasures>enhancedMeasures</abc:enhancedMeasures>
			<abc:enhancedMeasuresProximity>enhancedMeasuresProximity</abc:enhancedMeasuresProximity>
			<abc:horizontalAccuracy>horizontalAccuracy</abc:horizontalAccuracy>
			<abc:horizontalMeasurementMethod>horizontalMeasurementMethod</abc:horizontalMeasurementMethod>
			<abc:intendedPermanence>intendedPermanence</abc:intendedPermanence>
			<abc:emergencyContact>emergencyContact</abc:emergencyContact>
			<abc:locationType>locationType</abc:locationType>
			<abc:assetName>assetName</abc:assetName>
			<abc:assetOwner>assetOwner</abc:assetOwner>
			<abc:assetOwnerID>assetOwnerID</abc:assetOwnerID>
			<abc:operator>operator</abc:operator>
			<abc:qualityLevel>qualityLevel</abc:qualityLevel>
			<abc:undergroundStatus>undergroundStatus</abc:undergroundStatus>
			<abc:material>material</abc:material>
			<abc:verticalAccuracy>verticalAccuracy</abc:verticalAccuracy>
			<abc:colour>colour</abc:colour>
			<abc:azimuth>azimuth</abc:azimuth>
			<abc:container>container</abc:container>
			<abc:dateOfInstallation>2023-10-30T14:41:00-05:00</abc:dateOfInstallation>
			<abc:isAuxiliary>false</abc:isAuxiliary>
			<abc:isCathodicProtected>false</abc:isCathodicProtected>
			<abc:isEncased>false</abc:isEncased>
			<abc:isNPS>false</abc:isNPS>
			<abc:utilitySubType>utilitySubType</abc:utilitySubType>
			<abc:utilityType>utilityType</abc:utilityType>
			<abc:wallThickness>wallThickness</abc:wallThickness>
			<abc:siteOf nilReason="siteOf.nilReason" gml:remoteSchema="siteOf.gml_remoteSchema" xlink:href="siteOf.xlink_href" xlink:role="siteOf.xlink_role" xlink:title="siteOf.xlink_title" owns="siteOf.owns"/>
			<abc:accessoryType>accessoryType</abc:accessoryType>
			<abc:hasAccessory nilReason="hasAccessory.nilReason" gml:remoteSchema="hasAccessory.gml_remoteSchema" xlink:href="hasAccessory.xlink_href" xlink:role="hasAccessory.xlink_role" xlink:title="hasAccessory.xlink_title" owns="hasAccessory.owns"/>
			<abc:geometry>
				<gml:LineString gml:id="id571bb08a-f2e4-4d8e-9d32-be838103b3ee-0" srsName="EPSG:4326" srsDimension="2">
					<gml:posList>50.5 -98 51.5 -99</gml:posList>
				</gml:LineString>
			</abc:geometry>
			<abc:physicalProtectionType>physicalProtectionType</abc:physicalProtectionType>
		</abc:PhysicalProtection>
	</gml:featureMember>
</gml:FeatureCollection>